id,nombre,apellido,edad
1,Colan,Duchasteau,16
2,Athene,Waple,12
3,Davita,Gonin,21
4,Wilmer,Benko,68
5,Dino,Shillabeare,22
6,Scot,Beaton,81
7,Kristien,Petcher,87
8,Quinn,Elder,90
9,Hayyim,Regelous,60
10,Karyn,Witherby,20
11,Kienan,Bister,5
12,Sosanna,Lacase,37
13,Elinore,Concannon,55
14,Patsy,Willbond,37
15,Wallache,Corter,3
16,Ardith,Patient,90
17,Angie,Hayers,38
18,Morlee,Tumilty,86
19,Gaylene,Galletley,69
20,Rey,Taber,98
21,Lefty,Arrighini,31
22,Gabbi,Speirs,15
23,Hedy,Yarwood,42
24,Theresina,Morad,65
25,Almeta,Langdridge,18
26,Shurwood,Mason,69
27,Gil,Franey,5
28,Emmye,Viles,53
29,Ole,Liley,64
30,Reyna,Lillyman,17
31,Toni,Makepeace,87
32,Rea,Pedreschi,95
33,Franni,Nand,80
34,Sander,Toon,29
35,Farand,Grix,51
36,Elianore,Turnell,6
37,Judye,Penton,7
38,Leann,De Freyne,100
39,Moise,Aveling,50
40,Yule,Marians,83
41,Alan,Gergher,38
42,Stacey,Genese,21
43,Elayne,Rieger,77
44,Elsa,Willoughway,96
45,Bev,McKinstry,29
46,Gaby,Blundon,21
47,Margeaux,Gallahar,65
48,Carver,Rosenthal,50
49,Kassey,Cordall,46
50,Almira,Conley,38
51,Claudianus,Wooller,93
52,Riccardo,Larmett,55
53,Welsh,Ceely,79
54,Burgess,Bruty,63
55,Rawley,Van't Hoff,91
56,Kermit,Purcer,17
57,Emylee,Vassar,71
58,Shannen,Ibel,25
59,Tommy,Tinham,94
60,Abbey,Couper,45
61,Laureen,Obin,77
62,Lloyd,Kennet,9
63,Hebert,Godney,80
64,Vidovik,Bulleyn,58
65,Tova,Chsteney,55
66,Laurent,O'Rodane,20
67,Lyndsey,Ayliff,11
68,Devora,Coveny,11
69,Marybelle,Schrieves,33
70,Bunni,Matterdace,95
71,Aurthur,Scutt,43
72,Sutherlan,Robjohns,73
73,Gwenni,Simnell,84
74,Marcellus,Jephcote,12
75,Rolf,Soulsby,5
76,Rea,Konzelmann,76
77,Erinna,Sisey,49
78,Kristy,Bolin,65
79,Celle,Effnert,23
80,Dillon,Leaming,56
81,Marcie,Craise,68
82,Alard,Ropp,52
83,Timothea,Zmitrovich,25
84,Bili,Creyke,40
85,Caryl,Ferrierio,43
86,Suzie,Heinz,4
87,Toddy,Wythe,22
88,Darren,Isham,84
89,Rowena,Muller,42
90,Thomas,Barde,95
91,Aurore,Wellum,57
92,Bee,Beningfield,47
93,Dannel,Quinevan,100
94,Lorianna,Fell,1
95,Rey,Patching,5
96,Kevan,Powers,93
97,Karina,Lorkins,4
98,Anallise,Durrett,71
99,Fair,O'Hearn,38
100,Coreen,Delafont,42
101,Cristobal,Oxbrough,65
102,Carey,Meco,74
103,Kristofor,Drennan,65
104,Tye,Malimoe,43
105,Martie,Andreu,98
106,Shaina,Latch,9
107,Meryl,Tomkowicz,75
108,Sheffy,Shieldon,56
109,Kennith,Farbrace,61
110,Abra,Beane,6
111,Carri,Szabo,11
112,Langston,McGrowther,40
113,Philis,Warrack,84
114,Pru,Spraggs,2
115,Tallou,Koppens,83
116,Rudolf,Burkett,19
117,Kelly,Rugiero,1
118,Jana,Grinishin,92
119,Melisa,Varah,75
120,Klarrisa,Trehearne,54
121,Tova,Skentelbery,100
122,Elayne,Drain,81
123,Bliss,Turley,65
124,Kerry,Risman,15
125,Debora,Halegarth,36
126,Hardy,Le feuvre,33
127,Maye,Roz,36
128,Dena,Pilmore,66
129,Roseline,Stearley,80
130,Jere,Gobolos,99
131,Rorie,Meach,23
132,Karie,Bankes,9
133,Astrid,Mayzes,1
134,Yvonne,Halvorsen,41
135,Claudette,Gainsborough,29
136,Carmine,Pilsworth,20
137,Agnese,Rodie,18
138,Jordana,Harvison,5
139,Jacky,Riglar,55
140,Morton,Dakhov,41
141,Barbey,Kix,61
142,Christye,Lydiatt,78
143,Valle,McGreal,81
144,Salmon,Bebbington,90
145,Colin,Garwill,82
146,Corey,Moden,100
147,Mellisent,Hoyes,75
148,Chandra,Edgley,29
149,Lorilee,Rutley,64
150,Adrian,Jolley,97
151,Zerk,Jeskins,2
152,Geri,Gilphillan,21
153,Marja,Rawlyns,62
154,Jerri,Tillerton,88
155,Lotte,Edmans,73
156,Rowland,Vaen,1
157,Mort,Furby,51
158,Kristyn,Stonier,88
159,Dion,Bunclark,72
160,Sholom,Thornborrow,12
161,Anabel,Bramstom,95
162,Ellsworth,Mealing,43
163,Rowena,Holdron,87
164,Randell,Twyning,94
165,Opaline,Pedrielli,31
166,Frederich,Plowell,40
167,Frank,Tyrrell,88
168,Maximilianus,Cestard,31
169,Archambault,Freda,21
170,Keith,Emmott,66
171,Benedicta,Affron,94
172,Clevey,Summerton,89
173,Eberto,McMurtyr,21
174,Cobby,Peggram,3
175,Anatol,Rumke,65
176,Cello,Ingon,12
177,Morten,Rackstraw,48
178,Martica,Wayman,75
179,Hattie,Hutcheon,28
180,Erda,Martignoni,75
181,Ynes,Masters,17
182,Georgine,Pahl,69
183,Joannes,McChruiter,91
184,Millisent,Balnaves,99
185,Sindee,Frost,26
186,Patricia,Josowitz,86
187,Gabriell,Augar,41
188,Kalina,Jozefowicz,16
189,Merline,Bottle,23
190,Blondelle,Pere,100
191,Cecile,Casari,25
192,Mattie,Mullany,93
193,Doyle,Boutton,10
194,Tedie,Gallop,13
195,Annalee,Swires,88
196,Katie,McNeice,90
197,Erie,Armistead,57
198,Thedrick,Steels,25
199,Skipton,Snowling,35
200,Shelley,Maskill,9
201,Garry,Sharple,52
202,Cozmo,Attwool,84
203,Sonni,Noton,46
204,Marylin,Smidmoor,93
205,Dannel,Smogur,66
206,Salomi,Hilling,30
207,Karlens,Venditti,75
208,Goddart,Yeo,7
209,Arnold,Grahlmans,27
210,Emogene,Abrahmer,72
211,Kirby,Meysham,59
212,Walker,Aizic,84
213,Delphinia,Stopp,6
214,Tann,Dundridge,52
215,Hali,Gehringer,39
216,Austin,Nisbith,18
217,Augie,Bywater,19
218,Nikki,Glencrash,69
219,Darrel,Maltman,34
220,Obediah,Melloy,53
221,Abagail,Gypps,21
222,Allina,Bonifazio,86
223,Bathsheba,Larway,75
224,Yoshiko,Roma,4
225,Ody,Gipps,21
226,Alverta,Hill,49
227,Nell,Endersby,64
228,Candie,Mannooch,79
229,Genia,Philson,35
230,Sonnnie,Hoff,61
231,Ase,Mixon,19
232,Max,Woffinden,92
233,Francene,Scriviner,92
234,Nappie,Kornalik,94
235,Ray,Rooper,45
236,Josephine,Craigie,43
237,Eamon,Bohler,15
238,Marie,Goodge,23
239,Tailor,Ibert,80
240,Tanitansy,Kitcher,45
241,Almire,Mathou,43
242,Daune,Giacomasso,69
243,Padraic,Maffucci,46
244,D'arcy,Teresia,81
245,Vachel,Viveash,100
246,Nicolas,Bordis,5
247,Melessa,Aliman,18
248,Edd,D'Emanuele,99
249,Justino,Tassel,68
250,Heloise,Crittal,96
251,Coreen,Shelmerdine,12
252,Rasia,Gally,59
253,Chicky,Nevinson,71
254,Jake,Alvar,100
255,Briney,Blainey,9
256,Obadias,Purselow,45
257,Modestia,Scemp,53
258,Greggory,Pecey,49
259,Henka,Paireman,72
260,Pamella,Ragot,5
261,Barr,Krimmer,18
262,Gert,Daveley,97
263,Olympe,Johnys,17
264,Angelika,Tapping,28
265,Ronni,Spraberry,63
266,Forbes,MacAiline,56
267,Anabella,Dunbar,46
268,Reed,Bowater,69
269,Kimberley,Gray,20
270,Andromache,Screach,96
271,Geri,Robet,58
272,Elene,De Matteis,56
273,Cello,Hartly,57
274,Sheree,Dahlborg,64
275,Bidget,Beney,99
276,Carolyn,Allaker,32
277,Steffi,Scoular,55
278,Jerry,McPherson,34
279,Cherilyn,De La Hay,13
280,Darin,Molen,59
281,Bevon,Bonnette,73
282,Will,Tomkowicz,19
283,Jerrylee,Daines,44
284,Shir,Tuffin,57
285,Agata,Ehlerding,100
286,Cody,Elies,94
287,Artur,Muston,73
288,Thatch,Pegden,71
289,Erinna,Ewles,69
290,Tove,Cullotey,37
291,Bamby,Scargill,64
292,Julia,Feehely,38
293,Rick,Olwen,52
294,Agneta,Fullstone,3
295,Worden,Edelheit,100
296,Ronni,Buddington,48
297,Rosmunda,Rubenov,42
298,Dennie,Tregea,92
299,Constantin,Radbond,100
300,Clayton,Lathan,4
301,Fey,Gellert,65
302,Chancey,Eakins,53
303,Micheal,Meiner,64
304,Dionis,Crotch,11
305,Frazier,Grandisson,19
306,Ernestine,Gooddy,44
307,Issy,Tynan,68
308,Anneliese,Hessenthaler,82
309,Cassandra,Grinnikov,21
310,Cinnamon,Bosworth,39
311,Nissie,Clooney,85
312,Renee,Schwandermann,88
313,Lawrence,Fetherby,98
314,Josy,Brookwood,46
315,Sukey,Paaso,77
316,Opaline,Seear,87
317,Trula,Churchlow,63
318,Robby,Liddington,20
319,Aurore,Oldred,34
320,Kary,Eates,60
321,Margo,Wardhaugh,96
322,Rhetta,O'Gleasane,39
323,Gaspar,Darque,99
324,Vikki,Werny,21
325,Corie,Antonias,79
326,Tobin,Dibson,92
327,Claudius,Zmitrichenko,56
328,Janey,Tunsley,97
329,Rodge,Keson,30
330,Demott,Guisby,47
331,Myriam,Deplacido,54
332,Eziechiele,Priestman,69
333,Kesley,Trass,16
334,Daveen,Feechan,41
335,Del,Kadar,57
336,Shermie,Belsey,15
337,Bayard,Arrowsmith,47
338,Donn,Wrought,18
339,Geoff,Brusby,16
340,Padriac,Truss,79
341,Tania,Scoyne,67
342,Rogerio,Hewell,89
343,Mariana,Paske,83
344,Cheri,Cranstoun,3
345,Axe,Vicker,50
346,Cassaundra,Cockley,76
347,Clayton,Cherrison,62
348,Ethelind,Sommer,71
349,Aviva,Kenaway,59
350,Harlen,Kiddey,42
351,Trixi,Brisley,53
352,Demetre,Emblin,18
353,Aloin,Gorham,70
354,Ashlan,Penquet,29
355,Jessa,Rabbage,97
356,Dorian,Figgins,42
357,Theresa,Foxcroft,23
358,Lexine,Kiddie,28
359,Angele,Ubank,55
360,Skelly,Renols,5
361,Beverlee,MacVagh,70
362,Torr,Colls,23
363,Cheston,Dummigan,77
364,Markus,Lamburne,81
365,Denny,Grayley,95
366,Corny,Wrathmell,35
367,Alf,Fearnside,10
368,Chrysler,Oppery,48
369,Mercy,Stanett,87
370,Kristopher,Brosio,94
371,Ramsey,Tutchener,21
372,Dannie,Triggel,96
373,Aimil,Meegin,89
374,Tirrell,Cockburn,83
375,Wilden,O'Sharkey,72
376,Enrique,McFarlane,12
377,Ronnie,Rhodef,38
378,Editha,Peskin,31
379,Nora,Scriven,7
380,Darryl,Spofforth,70
381,Stinky,Armand,87
382,Cordy,Brightey,100
383,Alidia,Cook,94
384,Lilly,Sterley,60
385,Francesco,Caslett,70
386,Faye,Petchell,80
387,Cherida,Bacon,33
388,Lawry,Cubbini,26
389,Aksel,Janusz,73
390,Ethelred,Corish,96
391,Jillane,Labroue,10
392,Elfie,Rainsdon,41
393,Horatio,Pott,54
394,Ferdy,Sharpe,74
395,Gwennie,Haistwell,70
396,Elva,Normansell,89
397,Shay,Goulborne,63
398,Teodoor,Shellard,75
399,Cord,Redsall,8
400,Anthe,Speers,72
401,Noni,Skippon,28
402,Terza,Derrick,49
403,Charita,Fehners,60
404,Lila,Stockney,1
405,Iain,Toppas,99
406,Say,McNally,23
407,Rorie,Churchard,26
408,Micaela,Grierson,93
409,Birch,Heyball,12
410,Padriac,O'Cullinane,91
411,Duff,Scorthorne,2
412,Stillmann,Lait,37
413,Glynda,Davidsen,93
414,Bradley,Gaymar,39
415,Saba,Smidmore,64
416,Hortensia,Hands,63
417,Anthia,Frankom,43
418,Enrichetta,Affron,20
419,Wendall,Drury,68
420,Leeann,Tomsen,10
421,Edwin,Itzkov,26
422,Callean,O'Feeny,39
423,Ema,Gravet,80
424,Zared,Bohden,2
425,Udell,Mimmack,47
426,Vivyan,Bulbrook,12
427,Susy,Beechcraft,84
428,Sigmund,Guidini,6
429,Maryann,Menendez,86
430,Vasily,Bettesworth,14
431,Orelle,Fry,4
432,Garek,Merrigan,24
433,Jayson,Pechell,99
434,Mirabelle,Keave,95
435,Gard,Fenners,3
436,Avivah,Ramsay,21
437,Benjamen,Mount,43
438,Benni,Simoneau,17
439,Clare,Badman,35
440,Debee,Dyzart,45
441,Joelie,Sillwood,25
442,Roxine,Bavister,62
443,Maggi,O'Murtagh,46
444,Isiahi,Giacobini,68
445,Sheila,Kitteringham,77
446,Parnell,Pettendrich,96
447,Cacilie,Baum,1
448,Consuelo,Cestard,97
449,Gage,Sponer,43
450,Zoe,Pley,64
451,Reiko,Drage,61
452,Kakalina,Guinnane,55
453,Tommy,Blaver,27
454,Lindsy,Degli Abbati,74
455,Mozelle,Sargood,77
456,Lorens,Cherry Holme,42
457,Angie,Godier,82
458,Dita,Ivanaev,48
459,Rasla,Conkay,94
460,Kele,Leonardi,83
461,Hildy,Silby,94
462,Korey,Barks,9
463,Caron,Jursch,45
464,Wyndham,Murgatroyd,58
465,Nevin,Edelston,99
466,Rachele,Rannie,92
467,Alyss,Tring,77
468,Mandy,Prew,61
469,Janos,McCluney,65
470,Layton,Bill,54
471,Elka,Toovey,54
472,Arlee,Sidnell,7
473,Garrett,Taggett,49
474,Aurilia,Arnaut,48
475,Nari,Copcutt,37
476,Augusto,Leuren,95
477,Celle,Bugdall,39
478,Bondie,Riddick,49
479,Tabor,Housam,37
480,Corinne,Guille,1
481,Kenneth,Carme,17
482,Dulciana,Trustie,54
483,Elvis,Trays,6
484,Zeb,Hariot,37
485,Valma,Dimont,37
486,Aubry,Bowhay,96
487,Seamus,Butrimovich,56
488,Arabela,Alesin,27
489,Bondie,Hackett,45
490,Art,Bumpas,45
491,Stefa,Brisker,18
492,Gian,Lamport,39
493,Annecorinne,Klimowicz,24
494,Nikaniki,Cuttin,64
495,Mildred,Brittle,90
496,Jared,Kapelhoff,96
497,Melva,Spry,49
498,Brietta,Kellogg,90
499,Archibald,Turland,29
500,Julietta,Whalley,86
501,Lief,Rosenfeld,6
502,Charmian,Moggie,37
503,Lissa,Dufour,72
504,Ashton,Rudkin,4
505,Randolph,Bugbird,89
506,Vanessa,Yitzovicz,72
507,Delcine,Dominique,72
508,Cristy,Topp,62
509,Ranee,Horche,68
510,Norrie,Vittel,71
511,Maurita,Swindlehurst,81
512,Bronny,Blondel,16
513,Christyna,Shank,92
514,Sim,Minette,89
515,Gearalt,Bullen,85
516,Alair,Philott,23
517,Farrel,Fairholme,46
518,Eleanora,Kail,9
519,Gibbie,Buie,16
520,Shannen,Gerb,59
521,Donielle,Saddleton,10
522,Henri,Pigeon,100
523,Melodee,Widocks,41
524,Kali,Woolland,79
525,Rozanna,Klagges,13
526,Winifield,Quin,71
527,Mab,Sutherland,68
528,Susana,Ranshaw,22
529,Kerby,Abels,34
530,Ash,Gallone,13
531,Beatrisa,Fosbraey,90
532,Faythe,Jeffels,84
533,Kory,Hamal,22
534,Griff,Tudbald,32
535,Porter,Jacomb,69
536,Dorette,Mungin,95
537,Frasier,Peatman,56
538,Ramona,Langland,14
539,Adrea,Sharma,95
540,Rickie,Arkell,88
541,Rriocard,Lofts,88
542,Ines,Locker,24
543,Heindrick,O'Feeney,5
544,Sibyl,Dakhov,96
545,Gussi,Wolfit,81
546,Kasper,Aspey,24
547,Urson,Hooke,92
548,Desiri,Velti,66
549,Dorie,Studdert,45
550,Andreana,Kaysor,77
551,Birgit,Yoslowitz,28
552,Gale,Redsell,14
553,Dar,Norrey,86
554,Ludovico,Geraud,70
555,Barbi,Denerley,44
556,Linet,Lahrs,1
557,Ludovika,Kirkham,96
558,Shelli,Rowen,85
559,Eve,Calvey,57
560,Mort,Townby,55
561,Celestine,Vittore,3
562,Sasha,Lettice,91
563,Dorena,Braithwait,92
564,Orelee,Ruggier,60
565,Eileen,Longstaff,14
566,Kacy,Ambrus,36
567,Tobias,Meineking,64
568,Arte,Pawlicki,19
569,Ole,de Glanville,81
570,Lurleen,Foster,6
571,Jonell,Dripp,70
572,Tanney,Towlson,52
573,Ciro,Phillott,2
574,Min,Stockford,83
575,Dieter,Hitcham,66
576,Stormy,Harner,84
577,Ursuline,Heijnen,29
578,Christie,Asmus,68
579,Shelba,Willbond,50
580,Paulina,Townrow,3
581,Dick,Doumer,19
582,Hephzibah,Cursey,68
583,Albert,Castillou,54
584,Cordey,Halmkin,86
585,Elwin,Brandel,50
586,Gabey,Mustin,71
587,Currie,Scholig,70
588,Mindy,Salazar,13
589,Evelina,Swadlen,61
590,Ninnetta,Grob,46
591,Vanda,Flinn,100
592,Dania,Rofe,86
593,Ferdinand,Davids,87
594,Rosemarie,Garrie,93
595,Hartwell,Giovani,3
596,Davin,Manilo,30
597,Kellyann,Darko,100
598,Norma,Mesnard,45
599,Penrod,Gethin,42
600,Jo,Hayton,45
601,Renelle,Goodliff,8
602,Mindy,Vinck,96
603,Chilton,Barbour,89
604,Perri,Ville,23
605,Susette,Plewright,15
606,Valentin,Duiguid,19
607,Flore,Langland,34
608,Vera,Lamyman,37
609,Noelani,Chatain,20
610,Robb,Fronsek,2
611,Lorne,Marrison,56
612,Kim,Cockling,49
613,Dion,Raynham,68
614,Pauline,Ianiello,38
615,Louisa,Lagne,20
616,Diego,Venn,97
617,Danna,Klaiser,68
618,Laina,Bower,70
619,Gypsy,Hawkyens,81
620,Mayne,Terron,10
621,Hyatt,MacKenney,95
622,Jeanette,Andrassy,91
623,Bonnee,McAughtrie,71
624,Sharleen,MacAllister,26
625,Wolfie,Ianiello,19
626,Panchito,Orridge,39
627,Abbe,Griffey,73
628,Kincaid,D'Ambrogio,82
629,Othilie,Prott,65
630,Ileane,Formby,44
631,Paulita,Storah,59
632,Marthe,Guthrie,16
633,Ermanno,Alanbrooke,9
634,Franz,Trathen,98
635,Meagan,Dumblton,77
636,Lucias,Guitel,68
637,Antonio,Ortell,8
638,Perl,Boyat,85
639,Lemar,Hlavecek,49
640,Eleonora,Summerlee,33
641,Jelene,Siemon,84
642,Lowe,Le Breton De La Vieuville,19
643,Eleni,Peplay,7
644,Nancey,Beall,9
645,Terri,Miroy,23
646,Ilene,Brisson,11
647,Kristen,Pfeifer,81
648,Jourdain,Coxon,85
649,Domeniga,Ilive,4
650,Noell,Yarn,99
651,Thayne,Hairon,45
652,Sergio,Commuzzo,14
653,Amelina,Flanner,35
654,Annmaria,McCullough,33
655,Lian,Brookz,6
656,Dulcie,Brinson,28
657,Radcliffe,Avramow,38
658,Chastity,Vasnetsov,21
659,Obediah,Elloit,54
660,Darby,Truckett,31
661,Carmine,Berwick,8
662,Clarette,Goodridge,14
663,Marj,Demageard,88
664,Keslie,Ratcliff,85
665,Royal,Anespie,79
666,Ileana,Febry,59
667,Jarrid,Hogbourne,67
668,Rochester,MacGorman,27
669,Mabelle,Gimbrett,26
670,Brody,Krojn,71
671,Dasie,Mularkey,74
672,Shauna,O'Meara,74
673,Peirce,Alejo,98
674,Padraig,Matthieson,42
675,Adda,Chalfont,64
676,Marcos,Keast,90
677,Emmie,Zanini,61
678,Jojo,Joice,100
679,Mitch,Folke,16
680,Jorrie,Zum Felde,42
681,Bertina,Carme,81
682,Elladine,Dacre,67
683,Daffi,Haville,21
684,Bobbee,Docherty,69
685,Lorri,Zylbermann,19
686,Brita,Tolemache,7
687,Goldi,Bonifas,57
688,Christine,Seefeldt,17
689,Ugo,McKern,8
690,Reg,Midford,83
691,Shea,Moat,36
692,Say,Ick,99
693,Minor,Watling,2
694,Jermain,Wilkes,84
695,Johnathon,Ambrosch,75
696,Sherwin,Chomley,41
697,Fielding,Barwis,14
698,Ramonda,Bestwall,73
699,Guinna,Stoffel,46
700,Lynnette,Knapp,87
701,Garrott,Pardew,62
702,Samara,Roocroft,51
703,Shelby,Gouge,74
704,Nealon,Galey,27
705,Vivianna,Raisher,41
706,Johan,Logsdail,97
707,Freddi,Haylor,4
708,Layla,Garioch,33
709,Briggs,Bleas,13
710,Vic,Duer,64
711,Dalenna,Stoneley,5
712,Dolli,Catterill,38
713,Antoine,Goschalk,26
714,Christine,Cappleman,85
715,Flem,Ajean,74
716,Kial,Harvatt,39
717,Patrice,Hartburn,96
718,Dosi,Hallows,51
719,Viviene,Coleby,29
720,Chancey,Slimming,26
721,Nikoletta,Pettitt,25
722,Ester,Bignall,74
723,Nolly,McGooch,6
724,Maximilianus,Tourot,97
725,Marlowe,Goulborn,27
726,Odella,O'Heagertie,63
727,Wendi,Embra,93
728,Andrea,O'Donnelly,60
729,Marya,Renfield,32
730,Alia,Rontsch,1
731,Adriana,Formie,57
732,Margarete,Itzakovitz,52
733,Markus,Sigsworth,16
734,Irwin,Backman,42
735,Danny,Rosenblad,95
736,Moira,Kisbey,87
737,Jan,Mac Giany,38
738,Melodee,Magrane,12
739,Leonerd,Tootal,26
740,Gilles,Verne,46
741,Cointon,Orringe,64
742,Roscoe,Lohrensen,38
743,Giustino,Haycroft,42
744,Marie,Livingstone,33
745,Tome,Rossetti,12
746,Burl,Witter,9
747,Dino,Dinjes,44
748,Zack,Lewer,9
749,Neils,Legat,96
750,Adan,Yakuntsov,65
751,Gaynor,Burrell,48
752,Cecil,Scneider,13
753,Shane,Stonard,82
754,Blaire,MacMillan,50
755,Marie,Haylor,10
756,Evelina,Watkin,10
757,Kaylil,Gilkes,28
758,Taryn,Samwell,89
759,Lamont,Shurmore,71
760,Gregory,O'Deegan,15
761,Ryann,Levens,75
762,Lian,Gumbrell,23
763,Jacinthe,Binge,11
764,Rickert,Moffet,44
765,Sula,Zanolli,66
766,Jose,Evert,30
767,Adamo,Meedendorpe,14
768,Anya,Cocozza,65
769,Theodore,Liddyard,23
770,Mischa,Glauber,61
771,Tod,McGillreich,51
772,Guillaume,Champerlen,61
773,Adelice,Thurlborn,27
774,Mavis,Izen,76
775,Deeann,Robley,10
776,Jackie,Wagg,100
777,Josy,Dudgeon,36
778,Robbyn,MacGorrie,43
779,Dorothee,Skrines,85
780,Hallsy,Bullier,55
781,Dagny,Rothman,12
782,Hillery,Hardes,81
783,Rona,Garie,77
784,Valaree,Alldridge,65
785,Cacilia,Cattellion,94
786,Ammamaria,Lorait,81
787,Ashil,Cestard,20
788,Ryley,Macauley,66
789,Freddy,Divall,32
790,Munmro,Ackerley,21
791,Oran,French,55
792,Murial,Seear,91
793,Jervis,Farress,24
794,Retha,Binham,72
795,Zonda,Blowing,28
796,Tab,Dulson,20
797,Elnore,Trousdale,97
798,Pryce,Fazackerley,87
799,Sapphire,Joslow,38
800,Dav,Mingaye,11
801,Elene,Bruinsma,75
802,Patin,Llewellin,55
803,Debi,Wallege,95
804,Susan,Bate,58
805,Kimberlyn,Hrus,100
806,Bili,MacKeever,98
807,Carlotta,Inchan,89
808,Willi,Stranaghan,84
809,Padraic,Thairs,6
810,Cate,Salliere,74
811,Rebecka,Treffrey,72
812,Rachel,Clayson,83
813,Melli,Carlone,35
814,Shawnee,Goodee,89
815,Lawry,Whitley,35
816,Georgina,Pinshon,46
817,Austin,Barniss,96
818,Rudd,Storr,69
819,Edyth,Clue,98
820,Zackariah,Toderbrugge,67
821,Clevie,Kinnach,48
822,Lorilyn,Barbrook,12
823,Rubetta,Rowantree,93
824,Aurel,Gaddes,49
825,Cammy,MacShirie,82
826,Minnnie,Muglestone,24
827,Kassey,Renak,36
828,Goldi,Rump,20
829,Nettle,Corriea,3
830,Willetta,Albers,78
831,Lula,Hallahan,54
832,Ted,Drinan,15
833,Gabriela,Skill,20
834,Ronny,Walas,96
835,Juanita,Crane,15
836,Shalne,Lawry,77
837,Viole,Libero,56
838,Jody,Lardiner,43
839,Wiatt,Dugall,72
840,Karole,Jewel,31
841,Bryna,Cupper,11
842,Brenda,Lokier,85
843,Davy,Mugridge,59
844,Loy,D'Aguanno,70
845,Marrissa,Burchfield,54
846,Rozanna,Shubotham,24
847,Farand,Ellacott,11
848,Kariotta,Boyne,30
849,Mamie,Giblin,21
850,Bibbie,Rentalll,79
851,Viviyan,Giacometti,31
852,Barbaraanne,Gomer,18
853,Jarvis,Fleisch,30
854,Molly,Greenhow,21
855,Vinson,Durbyn,94
856,Riordan,Gaine,14
857,Fayre,Roelvink,87
858,Laney,Yendall,97
859,Martguerita,Beausang,39
860,Selena,McGinnis,64
861,Jonathan,Dominici,52
862,Zsazsa,Manuello,68
863,Vito,Leile,78
864,Christiana,Dyka,100
865,Kristofor,Dysert,17
866,Dunc,Penddreth,16
867,Lucinda,Goldbourn,69
868,Willi,Cottill,14
869,Darin,Huson,44
870,Courtney,Safe,100
871,Davidson,Quiddihy,89
872,Iver,Probbings,47
873,Chanda,Gristhwaite,27
874,Margaretha,Rollo,39
875,Patton,Clohissy,72
876,Gare,Gummoe,76
877,Conant,Lillegard,78
878,Marge,Habden,7
879,Gaylene,Dinning,88
880,Zoe,Thoumas,87
881,Donalt,Vanderplas,10
882,Violetta,Segeswoeth,31
883,Nerissa,Birchill,66
884,Florrie,Baverstock,25
885,Luciana,Mursell,63
886,Debor,Meuse,15
887,Rusty,Budding,24
888,Regen,Bliben,99
889,Theodor,Matusson,38
890,Elfrieda,Wootton,39
891,Darrick,Lomas,50
892,Katharine,Greenshields,53
893,Eolanda,McLeman,21
894,Alma,Urpeth,73
895,Michal,Hicklingbottom,58
896,Jayson,Littleproud,42
897,Forest,Clemenceau,86
898,Dorothy,Vinck,67
899,Dulcy,Brettelle,13
900,Tatiania,Spatig,32
901,Mallissa,Gregory,9
902,Bernetta,Basley,81
903,Carver,Jorck,57
904,Mayne,Stearnes,17
905,Rebecca,Kesterton,4
906,Garwin,Switsur,70
907,Weylin,Guilford,21
908,Kris,Lidgard,10
909,Wait,Schiementz,95
910,Mariette,Humby,41
911,Eberhard,Mattocks,47
912,Even,Dudill,87
913,Seka,Somersett,58
914,Roddie,Lester,88
915,Jordon,Davenhall,72
916,Inessa,Knibley,8
917,Worthy,Follitt,56
918,Janelle,Dubble,28
919,Marielle,Franzewitch,23
920,Terrye,Swinden,65
921,Norri,Chidley,10
922,Merlina,Robeson,7
923,Martynne,Gonnely,70
924,Sianna,Dolden,6
925,Zebadiah,Ferrai,72
926,Jenny,Sey,28
927,Drusie,Greenshiels,44
928,Birgitta,Spat,23
929,Janaye,Callister,13
930,Rayshell,Kilius,94
931,Lora,Saundercock,27
932,Phineas,Sissons,50
933,Billy,Dobbson,1
934,Andre,Hunday,91
935,Hallsy,Pinkerton,100
936,Cal,Isbell,64
937,Cinnamon,Oade,58
938,Ross,Powelee,67
939,Jessey,Wilkisson,37
940,Salem,Blyth,76
941,Monro,Blench,10
942,Cordy,Renny,4
943,Brocky,Forster,94
944,Zorana,Rubenchik,95
945,Joaquin,Carpenter,86
946,Cos,Dowman,78
947,Daven,Havercroft,75
948,Shannon,Feyer,31
949,Thayne,Titchener,81
950,Mavra,Pryce,86
951,Eachelle,Lowman,73
952,Violet,Fritzer,30
953,Florette,Billie,52
954,Casie,Temblett,98
955,Teri,Dungey,36
956,Tandi,Fordyce,61
957,Brion,Billson,64
958,Tuckie,Tofanini,97
959,Randy,Jans,53
960,Marylinda,Bresson,5
961,Clementia,Forsbey,61
962,Danny,Michal,13
963,Wini,Plumstead,23
964,Neal,Schrir,90
965,Krista,Ducastel,65
966,Pamela,Fellibrand,46
967,Beniamino,Sheer,25
968,Prince,Dayborne,66
969,Dougie,Grogono,66
970,Ban,Guillou,13
971,Ortensia,Blackall,44
972,Guillemette,Corrett,32
973,Prescott,Frizzell,8
974,Natalee,Martyntsev,73
975,Collie,Phetteplace,86
976,Evita,Butchart,67
977,Clementine,Andryunin,76
978,Kordula,Stooke,39
979,Farley,Crayton,74
980,Rossy,Brake,26
981,Tommy,Kondratenko,3
982,Derick,Pandie,29
983,Lovell,Hatcher,6
984,Willis,Sides,61
985,Hilde,Drewson,13
986,Sandra,Durrant,5
987,Wolfie,Rittmeier,4
988,Dwight,Formby,46
989,Melli,Rothwell,39
990,Salem,Bonwell,91
991,Wit,Drewitt,2
992,Danila,Oak,95
993,Chloe,Fetteplace,67
994,Rudolf,Sibylla,95
995,Kim,Darte,46
996,Archambault,Marion,23
997,Gamaliel,Stambridge,31
998,Debra,Deathridge,1
999,Ingeborg,Hasel,62
1000,Arni,Eastmond,85
